{"cameraMode":{"drawMode":0,"name":"Shaded","section":"Shading Mode"},"sceneLighting":true,"audioPlay":false,"sceneViewState":{"showFog":true,"showMaterialUpdate":false,"showSkybox":true,"showFlares":true,"showImageEffects":true,"showParticleSystems":true},"in2DMode":false,"pivot":{"x":1.6508736610412598,"y":3.9488883018493654,"z":0.059354305267333987},"rotation":{"x":0.03442078083753586,"y":-0.9410402774810791,"z":0.10089653730392456,"w":0.3210582733154297},"size":7.061244964599609,"orthographic":false}